country,year,entity,polyarchy,libdem,hdi_source,hdi,gdp_pc,libdem_pred,resid,hdi_adj,index,index_chg_3y,gdp_yoy,strain
Germany,1919,Germany,0.577,0.456,Escosura-interp,0.30130361,4122.0,0.32816215530894655,0.12783784469105347,0.6278378446910535,49.57282909382107,,,
Germany,1920,Germany,0.635,0.506,Escosura-interp,0.30850470333333335,4457.0,0.3367961216520533,0.1692038783479467,0.6692038783479467,53.78417163362561,,0.08127122755943716,0.0
Germany,1921,Germany,0.646,0.515,Escosura-interp,0.31570579666666665,4906.0,0.34543008799515995,0.16956991200484006,0.6695699120048401,54.535514173430144,,0.1007404083464214,0.0
Germany,1922,Germany,0.642,0.511,Escosura-interp,0.32290689,5310.0,0.3540640543382667,0.1569359456617333,0.6569359456617333,54.18685671323467,4.614027619413598,0.08234814512841426,0.0
Germany,1923,Germany,0.629,0.503,Escosura-interp,0.33010798333333335,4383.0,0.36269802068137347,0.14030197931862654,0.6403019793186265,53.368199253039194,-0.4159723805864175,-0.1745762711864407,1.0
Germany,1924,Germany,0.614,0.491,Escosura-interp,0.33730907666666665,5099.0,0.37133198702448017,0.11966801297551982,0.6196680129755199,52.28954179284373,-2.245972380586416,0.16335843029888197,0.0
Germany,1925,Germany,0.604,0.482,Escosura-interp,0.34451017,5630.0,0.3799659533675869,0.10203404663241311,0.6020340466324131,51.51088433264825,-2.6759723805864155,0.10413806628750732,0.0
Germany,1926,Germany,0.614,0.49,Escosura-interp,0.34900217,5746.0,0.3853517711896818,0.10464822881031821,0.6046482288103182,52.19300797620636,-1.1751912768328339,0.020603907637655405,0.0
Germany,1927,Germany,0.614,0.49,Escosura-interp,0.35349417,6282.0,0.3907375890117767,0.0992624109882233,0.5992624109882233,52.17513161976446,-0.11441017307927126,0.09328228332753219,0.0
Germany,1928,Germany,0.611,0.487,Escosura-interp,0.35798617,6519.0,0.39612340683387154,0.09087659316612845,0.5908765931661284,51.91725526332257,0.4063709306743206,0.03772683858643755,0.0
Germany,1929,Germany,0.613,0.488,Escosura-interp,0.36247817,6457.0,0.40150922465596645,0.08649077534403354,0.5864907753440336,52.00937890688066,-0.183629069325697,-0.009510661144347288,0.0
Germany,1930,Germany,0.593,0.471,Escosura-interp,0.32768322,6333.0,0.35979077812237326,0.11120922187762672,0.6112092218776267,50.69784883755253,-1.4772827822119297,-0.019203964689484265,0.0
Germany,1931,Germany,0.573,0.457,Escosura-interp,0.29288827,5821.0,0.31807233158878,0.13892766841122,0.63892766841122,49.5363187682244,-2.380936495098176,-0.08084636033475445,1.0
Germany,1932,Germany,0.558,0.434,Escosura-interp,0.25809331999999996,5359.0,0.27635388505518677,0.15764611494481323,0.6576461149448132,48.074788698896256,-3.9345902079844066,-0.07936780621886275,1.0
Germany,1933,Germany,0.201,0.059,Escosura-interp,0.22329837,5668.0,0.23463543852159358,-0.17563543852159358,0.3243645614784064,18.75325862956813,-31.944590207984398,0.05766001119611874,0.0
Germany,1934,Germany,0.109,0.017,Escosura-interp,0.210884522,6150.0,0.2197514839803698,-0.2027514839803698,0.2972485160196302,13.942660760392602,-35.59365800783179,0.08503881439661254,0.0
Germany,1935,Germany,0.072,0.013,Escosura-interp,0.19847067399999999,6567.0,0.20486752943914607,-0.19186752943914606,0.3081324705608539,12.682062891217077,-35.39272580767918,0.06780487804878055,0.0
Germany,1936,Germany,0.087,0.014,Escosura-interp,0.186056826,7095.0,0.18998357489792236,-0.17598357489792235,0.3240164251020776,13.231465022041554,-5.521793607526575,0.08040201005025116,0.0
Germany,1937,Germany,0.072,0.013,Escosura-interp,0.173642978,7468.0,0.17509962035669863,-0.16209962035669861,0.3379003796433014,12.780867152866026,-1.161793607526576,0.052572233967582704,0.0
Germany,1938,Germany,0.085,0.014,Escosura-interp,0.16122913,7960.0,0.16021566581547486,-0.14621566581547485,0.35378433418452515,13.270269283690503,0.5882063924734258,0.06588109266202458,0.0
Hungary,1990,Hungary,0.799,0.715,UNDP,0.73,10296.0,0.45798918283540785,0.2570108171645921,0.7570108171645922,75.16021634329184,,,
Hungary,1991,Hungary,0.843,0.757,UNDP,0.724,9255.909,0.45233602389638,0.30466397610362,0.8046639761036201,78.5732795220724,,-0.10101893939393947,1.0
Hungary,1992,Hungary,0.843,0.757,UNDP,0.722,9153.921,0.45045163758337065,0.30654836241662936,0.8065483624166294,78.5709672483326,,-0.011018690870880365,0.0
Hungary,1993,Hungary,0.843,0.757,UNDP,0.729,9294.464,0.45704698967890317,0.29995301032109684,0.7999530103210968,78.57906020642193,3.4188438631300926,0.015353311438890405,0.0
Hungary,1994,Hungary,0.842,0.755,UNDP,0.739,9772.224,0.46646892124394973,0.2885310787560503,0.7885310787560502,78.46062157512101,-0.11265794695138709,0.05140264140030015,0.0
Hungary,1995,Hungary,0.844,0.756,UNDP,0.744,10134.834,0.4711798870264729,0.2848201129735271,0.784820112973527,78.57640225947054,0.005435011137947754,0.037106189952256674,0.0
Hungary,1996,Hungary,0.844,0.756,UNDP,0.752,10359.182,0.4787174322785101,0.2772825677214899,0.7772825677214898,78.5856513544298,0.006591148007871084,0.022136327047882487,0.0
Hungary,1997,Hungary,0.844,0.757,UNDP,0.758,10942.326,0.48437059121753795,0.27262940878246206,0.7726294087824621,78.64258817564924,0.18196660052822722,0.05629247560280315,0.0
Hungary,1998,Hungary,0.84,0.754,UNDP,0.764,11663.028,0.4900237501565659,0.2639762498434341,0.7639762498434342,78.37952499686868,-0.19687726260185912,0.06586369296619399,0.0
Hungary,1999,Hungary,0.839,0.75,UNDP,0.771,12316.724,0.49661910225209843,0.25338089774790157,0.7533808977479015,78.15761795495804,-0.428033399471758,0.05604856646147116,0.0
Hungary,2000,Hungary,0.839,0.75,UNDP,0.781,13129.273,0.5060410338171448,0.24395896618285517,0.7439589661828552,78.1691793236571,-0.4734088519921329,0.06597119493787473,0.0
Hungary,2001,Hungary,0.839,0.75,UNDP,0.791,13933.562,0.5154629653821914,0.23453703461780862,0.7345370346178086,78.18074069235618,-0.1987843045125004,0.06125921823698843,0.0
Hungary,2002,Hungary,0.842,0.755,UNDP,0.8,14899.307,0.5239427037907332,0.23105729620926685,0.7310572962092668,78.53114592418534,0.3735279692272968,0.06931070461379507,0.0
Hungary,2003,Hungary,0.843,0.759,UNDP,0.807,15829.9,0.5305380558862658,0.22846194411373422,0.7284619441137342,78.76923888227468,0.6000595586175734,0.06245881100376005,0.0
Hungary,2004,Hungary,0.843,0.759,UNDP,0.811,16999.006,0.5343068285122843,0.22469317148771573,0.7246931714877157,78.77386342975431,0.5931227373981329,0.07385428840359087,0.0
Hungary,2005,Hungary,0.843,0.754,UNDP,0.816,18140.617,0.5390177942948073,0.21498220570519266,0.7149822057051927,78.52964411410386,-0.0015018100814785385,0.06715751497469902,0.0
Hungary,2006,Hungary,0.831,0.742,UNDP,0.823,19253.062,0.54561314639034,0.19638685360966002,0.69638685360966,77.5777370721932,-1.1915018100814763,0.06132343789629657,0.0
Hungary,2007,Hungary,0.85,0.765,UNDP,0.826,19763.791,0.5484397258598539,0.21656027414014611,0.7165602741401461,79.30120548280291,0.5273420530485993,0.0265271570828578,0.0
Hungary,2008,Hungary,0.85,0.766,UNDP,0.833,20380.63,0.5550350779553863,0.2109649220446137,0.7109649220446137,79.35929844089227,0.8296543267884147,0.031210560767415574,0.0
Hungary,2009,Hungary,0.85,0.766,UNDP,0.834,19461.07,0.5559772711118911,0.2100227288881089,0.7100227288881089,79.36045457776217,1.782717505568968,-0.0451193118171519,1.0
Hungary,2010,Hungary,0.808,0.677,UNDP,0.838,20036.334,0.5597460437379096,0.11725395626209045,0.6172539562620905,73.65507912524181,-5.646126357561101,0.02955973129946088,0.0
Hungary,2011,Hungary,0.778,0.639,UNDP,0.841,20886.0,0.5625726232074235,0.0764273767925765,0.5764273767925765,70.85854753585153,-8.500750905040746,0.042406260546465235,0.0
Hungary,2012,Hungary,0.773,0.621,UNDP,0.841,20731.67,0.5625726232074235,0.05842737679257648,0.5584273767925765,69.80854753585153,-9.551907041910638,-0.007389160203006839,0.0
Hungary,2013,Hungary,0.738,0.575,UNDP,0.85,21163.564,0.5710523616159655,0.0039476383840344464,0.5039476383840344,66.46895276768069,-7.186126357561122,0.020832571616276052,0.0
Hungary,2014,Hungary,0.669,0.521,UNDP,0.848,22118.75,0.5691679753029562,-0.048167975302956134,0.45183202469704387,61.696640493940876,-9.161907041910652,0.04513351342902361,0.0
Hungary,2015,Hungary,0.617,0.477,UNDP,0.847,22993.375,0.5682257821464516,-0.0912257821464516,0.4087742178535484,57.93548435707096,-11.87306317878057,0.03954224357163039,0.0
Hungary,2016,Hungary,0.613,0.474,UNDP,0.851,23568.926,0.5719945547724701,-0.0979945547724701,0.4020054452275299,57.6701089045506,-8.798843863130088,0.025031166586027442,0.0
Hungary,2017,Hungary,0.555,0.432,UNDP,0.853,24641.197,0.5738789410854794,-0.14187894108547944,0.35812105891452056,53.83242117829041,-7.864219315650466,0.045495115051063406,0.0
Hungary,2018,Hungary,0.481,0.373,UNDP,0.857,25995.51,0.5776477137114979,-0.20464771371149793,0.2953522862885021,48.667045725770045,-9.268438631300917,0.05496133162686845,0.0
Hungary,2019,Hungary,0.466,0.364,UNDP,0.861,27272.312,0.5814164863375166,-0.21741648633751665,0.28258351366248335,47.77167027324967,-9.898438631300934,0.04911625122953933,0.0
Hungary,2020,Hungary,0.46,0.351,UNDP,0.857,26091.4,0.5776477137114979,-0.22664771371149794,0.27335228628850206,46.93704572577004,-6.895375452520369,-0.043300765992996815,1.0
Hungary,2021,Hungary,0.45,0.346,UNDP,0.852,28085.963,0.5729367479289746,-0.22693674792897467,0.27306325207102533,46.381265041420505,-2.2857806843495396,0.0764452271629732,0.0
Hungary,2022,Hungary,0.447,0.335,UNDP,0.867,29451.855,0.5870696452765445,-0.25206964527654446,0.24793035472345554,45.75860709446912,-2.0130631787805484,0.04863255000371547,0.0
Hungary,2023,Hungary,0.434,0.323,UNDP,0.87,,0.5898962247460584,-0.2668962247460584,0.2331037752539416,44.77207550507883,-2.1649702206912096,,
Venezuela,1990,Venezuela,0.741,0.595,UNDP,0.658,13251.0,0.39015127556707335,0.20484872443292662,0.7048487244329267,67.33697448865853,,,
Venezuela,1991,Venezuela,0.742,0.618,UNDP,0.669,14274.525,0.4005154002886245,0.21748459971137551,0.7174845997113755,68.5296919942275,,0.07724134027620555,0.0
Venezuela,1992,Venezuela,0.733,0.609,UNDP,0.676,14901.616,0.407110752384157,0.20188924761584298,0.7018892476158429,67.81778495231686,,0.04393077878248142,0.0
Venezuela,1993,Venezuela,0.744,0.614,UNDP,0.68,14693.902,0.4108795250101756,0.20312047498982438,0.7031204749898243,68.40240949979649,1.0654350111379642,-0.013939025136602612,0.0
Venezuela,1994,Venezuela,0.748,0.602,UNDP,0.681,14129.278,0.4118217181666803,0.1901782818333197,0.6901782818333198,67.9235656366664,-0.6061263575611093,-0.038425736063844695,1.0
Venezuela,1995,Venezuela,0.748,0.604,UNDP,0.687,14448.282,0.41747487710570813,0.18652512289429185,0.6865251228942919,68.03050245788583,0.21271750556897473,0.022577515991970554,0.0
Venezuela,1996,Venezuela,0.748,0.604,UNDP,0.69,14211.81,0.42030145657522194,0.18369854342477804,0.683698543424778,68.03397086849556,-0.3684386313009327,-0.01636679018308196,0.0
Venezuela,1997,Venezuela,0.746,0.603,UNDP,0.698,14894.337,0.42783900182725915,0.17516099817274083,0.6751609981727409,67.93321996345482,0.009654326788421486,0.0480253394887773,0.0
Venezuela,1998,Venezuela,0.73,0.575,UNDP,0.7,14739.051,0.4297233881402684,0.14527661185973156,0.6452766118597315,66.05553223719463,-1.9749702206912048,-0.010425841714203243,0.0
Venezuela,1999,Venezuela,0.665,0.44,UNDP,0.698,13669.484,0.42783900182725915,0.012160998172740856,0.5121609981727409,57.35321996345482,-10.680750905040739,-0.07256688371591902,1.0
Venezuela,2000,Venezuela,0.573,0.31,UNDP,0.703,13992.608,0.4325499676097824,-0.12254996760978243,0.37745003239021757,48.099000647804345,-19.834219315650472,0.023638346553534806,0.0
Venezuela,2001,Venezuela,0.529,0.288,UNDP,0.708,14298.037,0.4372609333923056,-0.14926093339230562,0.3507390666076944,45.68478133215389,-20.370750905040737,0.0218278822646929,0.0
Venezuela,2002,Venezuela,0.495,0.255,UNDP,0.716,12856.049,0.4447984786443428,-0.1897984786443428,0.3102015213556572,43.02403042711314,-14.32918953634168,-0.1008521659301902,1.0
Venezuela,2003,Venezuela,0.487,0.243,UNDP,0.707,11728.183,0.4363187402358009,-0.19331874023580092,0.3066812597641991,42.173625195283975,-5.92537545252037,-0.08773037501646108,1.0
Venezuela,2004,Venezuela,0.475,0.216,UNDP,0.718,13713.045,0.44668286495735204,-0.23068286495735205,0.269317135042648,40.47634270085296,-5.208438631300929,0.1692386621184201,0.0
Venezuela,2005,Venezuela,0.474,0.182,UNDP,0.728,14944.34,0.4561047965223986,-0.2741047965223986,0.2258952034776014,38.757904069552026,-4.266126357561113,0.08979005027694442,0.0
Venezuela,2006,Venezuela,0.45,0.168,UNDP,0.736,16253.686,0.4636423417744357,-0.2956423417744357,0.2043576582255643,37.34715316451129,-4.826472030772685,0.08761484281005383,0.0
Venezuela,2007,Venezuela,0.434,0.162,UNDP,0.753,17386.086,0.4796596254350148,-0.3176596254350148,0.1823403745649852,36.58680749129971,-3.8895352095532516,0.0696703504669649,0.0
Venezuela,2008,Venezuela,0.432,0.159,UNDP,0.759,18019.09,0.4853127843740426,-0.32631278437404265,0.17368721562595735,36.38374431251915,-2.374159757032878,0.03640865459885578,0.0
Venezuela,2009,Venezuela,0.431,0.16,UNDP,0.76,17242.945,0.4862549775305473,-0.32625497753054733,0.17374502246945267,36.404900449389054,-0.9422527151222369,-0.043073484843019316,1.0
Venezuela,2010,Venezuela,0.419,0.154,UNDP,0.764,17105.58,0.4900237501565659,-0.33602375015656594,0.16397624984343406,35.74952499686868,-0.8372824944310295,-0.007966446566987084,0.0
Venezuela,2011,Venezuela,0.415,0.152,UNDP,0.77,17746.0,0.49567690909559375,-0.3436769090955938,0.15632309090440621,35.53646181808812,-0.8472824944310275,0.03743924497152373,0.0
Venezuela,2012,Venezuela,0.399,0.145,UNDP,0.772,18486.459,0.497561295408603,-0.35256129540860304,0.14743870459139696,34.70877409182794,-1.6961263575611127,0.04172540290769744,0.0
Venezuela,2013,Venezuela,0.327,0.109,UNDP,0.773,18484.234,0.4985034885651077,-0.3895034885651077,0.11049651143489231,30.749930228697846,-4.999594768170834,-0.0001203583660882579,0.0
Venezuela,2014,Venezuela,0.312,0.102,UNDP,0.77,17579.223,0.49567690909559375,-0.3936769090955938,0.10632309090440623,29.946461818088128,-5.589999999999993,-0.048961239075419494,1.0
Venezuela,2015,Venezuela,0.3,0.103,UNDP,0.768,16333.083,0.4937925227825844,-0.3907925227825844,0.10920747721741558,29.634149544348315,-5.074624547479626,-0.0708870921086786,1.0
Venezuela,2016,Venezuela,0.293,0.118,UNDP,0.761,13428.789,0.4871971706870519,-0.3691971706870519,0.13080282931294812,30.16605658625896,-0.5838736424388848,-0.1778166436795796,1.0
Venezuela,2017,Venezuela,0.233,0.082,UNDP,0.749,11363.969,0.4758908528089962,-0.39389085280899616,0.10610914719100384,26.55218294382008,-3.39427887426805,-0.15376070023886756,1.0
Venezuela,2018,Venezuela,0.213,0.061,UNDP,0.741,9446.1875,0.468353307556959,-0.407353307556959,0.09264669244304102,24.89293384886082,-4.741215695487494,-0.1687598320621958,1.0
Venezuela,2019,Venezuela,0.209,0.06,UNDP,0.724,7061.7617,0.45233602389638,-0.39233602389638,0.10766397610362,24.703279522072403,-5.462777064186557,-0.2524220274052362,1.0
Venezuela,2020,Venezuela,0.206,0.056,UNDP,0.699,4952.53,0.4287811949837638,-0.37278119498376383,0.12721880501623617,24.384376100324722,-2.167806843495356,-0.2986834998977663,1.0
Venezuela,2021,Venezuela,0.215,0.056,UNDP,0.696,4896.802,0.4259546155142499,-0.3699546155142499,0.1300453844857501,24.650907689714998,-0.24202615914582282,-0.01125243057588754,0.0
Venezuela,2022,Venezuela,0.209,0.054,UNDP,0.706,5267.1753,0.43537654707929635,-0.38137654707929636,0.11862345292070364,24.38246905841407,-0.3208104636583329,0.07563575165996106,0.0
Venezuela,2023,Venezuela,0.206,0.053,UNDP,0.709,,0.4382031265488103,-0.3852031265488103,0.11479687345118972,24.245937469023797,-0.13843863130092515,,
