month,neg_share,mean_compound,framing_per_1k,n_speeches,leader,gdp_index,gdp_mom,contraction,contraction_lag1,neg_share_dm,mean_compound_dm,framing_per_1k_dm
2023-10,0.16851057658850668,0.15281602902402458,2.8018339276617423,3,Sunak,99.6,-0.40000000000000036,1.0,0.0,-0.03784628576732893,0.025564077711746708,-0.7229139414034789
2023-11,0.2017965581916504,0.14956374587590587,4.200268817204301,5,Sunak,99.9,0.3012048192771122,0.0,1.0,-0.004560304164185208,0.022311794563628,0.6755209481390798
2023-12,0.18564687722216147,0.14275814363515285,2.4252223120452707,4,Sunak,99.6,-0.30030030030031574,1.0,0.0,-0.02070998513367414,0.015506192322874979,-1.0995255570199505
2024-01,0.1874584991951278,0.13457458490263016,3.818118708781673,2,Sunak,100.1,0.5020080321285203,0.0,1.0,-0.01889836316070781,0.00732263359035229,0.29337083971645184
2024-02,0.19551494500941086,0.11569039062652897,2.7726432532347505,2,Sunak,100.3,0.19980019980019303,0.0,0.0,-0.010841917346424756,-0.0115615606857489,-0.7521046158304707
2024-03,0.19245068349788913,0.09634896152326068,6.3441712926249005,2,Sunak,100.6,0.29910269192421346,0.0,0.0,-0.013906178857946483,-0.03090298978901719,2.8194234235596793
2024-04,0.15737785622099035,0.1932335108836749,2.5806451612903225,6,Sunak,100.7,0.09940357852884496,0.0,0.0,-0.048979006134845265,0.06598155957139704,-0.9441027077748987
2024-05,0.2818681740359078,0.09357478536365374,5.563282336578581,3,Sunak,101.1,0.3972194637537063,0.0,0.0,0.07551131168007219,-0.03367716594862413,2.03853446751336
2024-06,0.2865875912408759,0.0667074099756691,1.2165450121654502,3,Sunak,100.8,-0.29673590504450953,1.0,0.0,0.08023072888504029,-0.060544541336608776,-2.3082028568997712
2024-07,0.09497353188086777,0.2610538517241136,1.9796380090497738,8,Starmer,100.8,0.0,0.0,1.0,-0.04903742302951325,0.07510784387110064,-0.9959678970711607
2024-08,0.276707979766558,0.012898260272449901,6.12088752869166,4,Starmer,101.1,0.29761904761904656,0.0,0.0,0.13269702485617696,-0.17304774758056307,3.1452816225707254
2024-09,0.13646115417443497,0.12503631431556478,1.4364867638005336,3,Starmer,101.0,-0.09891196834816984,1.0,0.0,-0.0075498007359460495,-0.060909693537448184,-1.539119142320401
2024-10,0.13469043570222622,0.162290061197612,3.043867502238138,3,Starmer,101.1,0.0990099009900991,0.0,1.0,-0.009320519208154798,-0.023655946655400967,0.06826159611720328
2024-11,0.1842879809257263,0.1525428556648775,3.202966958867161,6,Starmer,101.2,0.09891196834816984,0.0,0.0,0.040277026015345274,-0.03340315218813547,0.22736105274622664
2024-12,0.11846893542196443,0.18151894076437897,2.3619722468260997,3,Starmer,101.6,0.39525691699604515,0.0,0.0,-0.025542019488416584,-0.004427067088633996,-0.6136336592948348
2025-01,0.13352281583664563,0.1494280579207042,1.1398176291793314,4,Starmer,101.6,0.0,0.0,0.0,-0.010488139073735386,-0.03651794993230875,-1.8357882769416032
2025-02,0.13884566268927565,0.21082494997130694,2.624097966324076,5,Starmer,101.9,0.2952755905512028,0.0,0.0,-0.005165292221105372,0.024878942118293973,-0.35150793979685835
2025-03,0.11635734389677783,0.21649972281231503,0.7884103675963339,9,Starmer,102.1,0.19627085377820208,0.0,0.0,-0.027653611013603183,0.030553714959302064,-2.187195538524601
2025-04,0.08149503007304364,0.2764124807960705,1.133419689119171,6,Starmer,102.0,-0.09794319294808007,1.0,0.0,-0.06251592483733738,0.09046647294305754,-1.8421862170017635
2025-05,0.09349318285465859,0.22359237121932693,2.437166793602437,6,Starmer,101.9,-0.09803921568627416,1.0,1.0,-0.05051777205572243,0.03764636336631397,-0.5384391125184975
2025-06,0.08241220501415014,0.24394921201555836,1.1370684308455654,6,Starmer,102.3,0.39254170755642637,0.0,1.0,-0.061598749896230875,0.058003204162545396,-1.8385374752753691
2025-07,0.09152919075054898,0.25894679469955667,2.846868444710818,6,Starmer,102.2,-0.09775171065493637,1.0,0.0,-0.05248176415983204,0.07300078684654371,-0.12873746141011644
2025-08,0.14893617021276595,0.2923978723404255,1.0111223458038423,1,Starmer,102.0,-0.195694716242667,1.0,1.0,0.004925215302384933,0.10645186448741256,-1.9644835603170923
2025-09,0.14047540027521396,0.27417809637177126,2.0755500207555,3,Starmer,102.0,0.0,0.0,1.0,-0.003535554635167054,0.0882320885187583,-0.9000558853654343
2025-10,0.127618232630751,0.29192461488080235,2.3939808481532148,4,Starmer,102.0,0.0,0.0,0.0,-0.016392722279630012,0.10597860702778938,-0.5816250579677198
2025-11,0.08937765119855791,0.31213815095358,2.939735423811857,2,Starmer,102.1,0.09803921568627416,0.0,0.0,-0.05463330371182311,0.12619214310056703,-0.035870482309077634
2025-12,0.16613599716443767,0.13106340102204336,2.8305701577031943,2,Starmer,102.3,0.19588638589618235,0.0,0.0,0.022125042254056648,-0.0548826068309696,-0.14503574841774025
2026-01,0.09023421003088539,0.2665212585890701,2.2766078542970973,2,Starmer,102.3,0.0,0.0,0.0,-0.05377674487949563,0.08057525073605715,-0.6989980518238372
2026-02,0.17096638035648562,0.09064989574383064,3.3391405342624854,5,Starmer,102.8,0.4887585532746819,0.0,0.0,0.026955425446104603,-0.09529611210918232,0.3635346281415508
2026-03,0.2020970326909286,0.09763189228680226,7.0106561974200785,3,Starmer,103.2,0.3891050583657574,0.0,0.0,0.058086077780547585,-0.0883141155662107,4.035050291299144
2026-04,0.2536799611675677,0.06000278453772144,6.204173716864072,4,Starmer,103.1,-0.09689922480621282,1.0,0.0,0.10966900625718667,-0.1259432233152915,3.2285678107431375
2026-05,0.2258064516129032,-0.018146236559139786,8.118081180811808,1,Starmer,103.1,0.0,0.0,1.0,0.08179549670252217,-0.20409224441215273,5.142475274690874
2026-06,0.15768998152176913,0.18934858493156875,2.9622551361681797,6,Starmer,103.4,0.29097963142581396,0.0,0.0,0.013679026611388118,0.0034025770785557907,-0.01335076995275486
2026-07,0.11848856901144898,0.19830900211735125,1.218356572356843,5,Burnham,103.8,0.3868471953578201,0.0,0.0,-0.0676592687937679,0.06889561780994466,-3.578426403938831
