title,date,url,people,leader,tokens,mean_compound,neg_share,framing_per_1k
PM’s speech at the Future Resilience Forum: 9 October 2023,2023-10-10 07:36:59,https://www.gov.uk/government/speeches/pms-speech-at-the-future-resilience-forum-9-october-2023,['rishi-sunak'],Sunak,1234,0.09224444444444445,0.1574074074074074,4.051863857374392
PM speech at Finchley United Synagogue: 9 October 2023,2023-10-10 07:44:27,https://www.gov.uk/government/speeches/pm-speech-at-finchley-united-synagogue-9-october-2023,['rishi-sunak'],Sunak,503,-0.07348837209302327,0.3488372093023256,3.9761431411530817
Prime Minister's speech on AI: 26 October 2023,2023-10-26 09:13:01,https://www.gov.uk/government/speeches/prime-ministers-speech-on-ai-26-october-2023,['rishi-sunak'],Sunak,2189,0.23896333333333336,0.13333333333333333,1.8273184102329831
Prime Minister's speech at the AI Safety Summit: 2 November 2023,2023-11-02 17:49:07,https://www.gov.uk/government/speeches/prime-ministers-speech-at-the-ai-safety-summit-2-november-2023,['rishi-sunak'],Sunak,919,0.32630000000000003,0.09302325581395349,0.0
PM speech at Lord Mayor's Banquet: 13 November 2023,2023-11-13 21:49:39,https://www.gov.uk/government/speeches/pm-speech-at-lord-mayors-banquet-13-november-2023,['rishi-sunak'],Sunak,1823,0.06522912621359223,0.2815533980582524,6.034009873834339
PM remarks on Supreme Court Judgement: 15 November 2023,2023-11-15 17:06:13,https://www.gov.uk/government/speeches/pm-remarks-on-supreme-court-judgement-15-november-2023,['rishi-sunak'],Sunak,859,0.012898148148148166,0.2962962962962963,0.0
PM’s remarks at the Food Security Summit: 20 November 2023,2023-11-20 00:00:00,https://www.gov.uk/government/speeches/pms-remarks-at-the-food-security-summit-20-november-2023,['rishi-sunak'],Sunak,1028,0.05705925925925925,0.2777777777777778,13.618677042801556
Prime Minister's keynote speech at the Global Investment Summit: 27 November 2023,2023-11-27 11:57:54,https://www.gov.uk/government/speeches/prime-ministers-keynote-speech-at-the-global-investment-summit-27-november-2023,['rishi-sunak'],Sunak,1323,0.3036164705882353,0.047058823529411764,0.0
PM speech at COP28 climate summit: 1 December 2023,2023-12-01 00:00:00,https://www.gov.uk/government/speeches/pm-speech-at-cop28-climate-summit-4-january-2023,['rishi-sunak'],Sunak,823,0.24356862745098037,0.11764705882352941,1.2150668286755772
PM's National Statement at COP28: December 01 2023,2023-12-01 17:57:33,https://www.gov.uk/government/speeches/pms-national-statement-at-cop28-december-01-2023,['rishi-sunak'],Sunak,431,0.18996296296296297,0.14814814814814814,6.960556844547564
PM's speech on the economy:  20 November 2023,2023-12-04 00:00:00,https://www.gov.uk/government/speeches/pms-speech-on-the-economy-20-november-2023,['rishi-sunak'],Sunak,2560,0.18218474576271187,0.12994350282485875,2.734375
PM's remarks on illegal migration: 7 December 2023,2023-12-07 12:20:55,https://www.gov.uk/government/speeches/pms-remarks-on-illegal-migration-7-december-2023,['rishi-sunak'],Sunak,1134,-0.03735156249999999,0.375,0.8818342151675485
Prime Minister's remarks at joint press conference with President Zelenskyy: 12 January 2024,2024-01-12 17:25:22,https://www.gov.uk/government/speeches/prime-ministers-remarks-at-joint-press-conference-with-president-zelenskyy-12-january-2024,['rishi-sunak'],Sunak,866,0.15769999999999998,0.20689655172413793,4.618937644341801
Prime Minister Rishi Sunak's address to the Ukrainian Parliament: 12 January 2024,2024-01-12 20:36:33,https://www.gov.uk/government/speeches/prime-minister-rishi-sunaks-address-to-the-ukrainian-parliament-12-january-2024,['rishi-sunak'],Sunak,2015,0.12463582089552236,0.1791044776119403,3.4739454094292803
Prime Minister's speech to the NFU annual conference: 20 February 2024,2024-02-20 00:00:00,https://www.gov.uk/government/speeches/prime-minister-speech-to-the-nfu-annual-conference-tuesday-20-february,['rishi-sunak'],Sunak,1337,0.28492048192771086,0.07228915662650602,0.7479431563201197
PM speech at the CST annual dinner: 28 February 2024,2024-02-28 22:27:18,https://www.gov.uk/government/speeches/pm-speech-at-the-cst-annual-dinner-28-february-2024,['rishi-sunak'],Sunak,1909,-0.0028327272727272797,0.2818181818181818,4.190675746464118
PM address on extremism: 1 March 2024,2024-03-01 18:27:13,https://www.gov.uk/government/speeches/pm-address-on-extremism-1-march-2024,['rishi-sunak'],Sunak,1514,0.04785802469135803,0.25925925925925924,10.568031704095112
PM speech at Business Connect: 18 March 2024,2024-03-18 16:33:40,https://www.gov.uk/government/speeches/pm-speech-at-business-connect-18-march-2024,['rishi-sunak'],Sunak,1008,0.16918157894736843,0.09210526315789473,0.0
Prime Minister’s speech on welfare: 19 April 2024,2024-04-18 23:00:00,https://www.gov.uk/government/speeches/prime-ministers-speech-on-welfare-19-april-2024,['rishi-sunak'],Sunak,2807,0.14418698630136986,0.19863013698630136,0.3562522265764161
Prime Minister Rishi Sunak's statement on the plan to stop the boats: 22 April 2024,2024-04-22 10:32:26,https://www.gov.uk/government/speeches/prime-minister-rishi-sunaks-statement-on-the-plan-to-stop-the-boats-22-april-2024,['rishi-sunak'],Sunak,1004,0.099225,0.18333333333333332,0.9960159362549801
PM joint statement with Prime Minister Donald Tusk of Poland: 23 April 2024,2024-04-22 23:00:00,https://www.gov.uk/government/speeches/pm-joint-statement-with-polish-prime-minister-donald-tusk-23-april-2024,['rishi-sunak'],Sunak,759,0.28875319148936174,0.0425531914893617,2.635046113306983
Prime Minister’s defence speech in Warsaw: 23 April 2024,2024-04-23 14:42:30,https://www.gov.uk/government/speeches/prime-ministers-defence-speech-in-warsaw-23-april-2024,['rishi-sunak'],Sunak,2096,0.19409747899159663,0.15966386554621848,4.770992366412214
Prime Minister’s conference speech in Germany: 24 April 2024,2024-04-24 12:36:19,https://www.gov.uk/government/speeches/prime-ministers-conference-speech-in-germany-24-april-2024,['rishi-sunak'],Sunak,529,0.3005428571428571,0.14285714285714285,3.780718336483932
Prime Minister's keynote speech at the Society of Editors 25th Anniversary Conference: 30 April 2024,2024-04-30 11:30:01,https://www.gov.uk/government/speeches/prime-ministers-keynote-speech-at-the-society-of-editors-25th-anniversary-conference-30-april-2024,['rishi-sunak'],Sunak,1330,0.2691592105263158,0.11842105263157894,4.511278195488722
PM speech on security: 13 May 2024,2024-05-13 13:50:55,https://www.gov.uk/government/speeches/pm-speech-on-security-13-may-2024,['rishi-sunak'],Sunak,3739,0.19445990099009902,0.2079207920792079,3.744316662209147
PM statement on the Infected Blood Inquiry: 20 May 2024,2024-05-19 23:00:00,https://www.gov.uk/government/speeches/pm-statement-on-the-infected-blood-inquiry-20-may-2024,['rishi-sunak'],Sunak,1366,-0.23551341463414635,0.5365853658536586,12.445095168374817
PM remarks in Austria: 21 May 2024,2024-05-21 09:36:09,https://www.gov.uk/government/speeches/pm-remarks-in-austria-21-may-2024,['rishi-sunak'],Sunak,647,0.20536000000000001,0.17142857142857143,1.545595054095827
Prime Minister's remarks for the 80th anniversary of D-Day,2024-06-06 08:40:59,https://www.gov.uk/government/speeches/prime-ministers-remarks-for-the-80th-anniversary-of-d-day,['rishi-sunak'],Sunak,495,0.08995555555555555,0.19444444444444445,0.0
Prime Minister's remarks at the G7 press conference: 14 June 2024,2024-06-13 23:00:00,https://www.gov.uk/government/speeches/prime-ministers-remarks-at-the-g7-press-conference,['rishi-sunak'],Sunak,726,0.039624999999999994,0.2833333333333333,1.3774104683195592
The Prime Minister’s remarks at the Summit on Peace in Ukraine: 15 June 2024,2024-06-14 23:00:00,https://www.gov.uk/government/speeches/the-prime-ministers-remarks-at-the-summit-on-peace-in-ukraine-15-june-2024,['rishi-sunak'],Sunak,423,0.085984,0.4,2.3640661938534278
Keir Starmer's first speech as Prime Minister: 5 July 2024,2024-07-04 23:00:00,https://www.gov.uk/government/speeches/keir-starmers-first-speech-as-prime-minister-5-july-2024,['keir-starmer'],Starmer,708,0.2733488888888889,0.1111111111111111,0.0
Rishi Sunak's final speech as Prime Minister: 5 July 2024,2024-07-05 10:43:03,https://www.gov.uk/government/speeches/rishi-sunaks-final-speech-as-prime-minister-5-july-2024,['rishi-sunak'],Sunak,599,0.3438142857142857,0.14285714285714285,0.0
Prime Minister's remarks at Downing Street: 6 July 2024,2024-07-06 13:42:54,https://www.gov.uk/government/speeches/prime-ministers-remarks-at-downing-street-6-july-2024,['keir-starmer'],Starmer,804,0.4759333333333334,0.0,0.0
A message from Prime Minister Keir Starmer to the Civil Service,2024-07-08 11:51:46,https://www.gov.uk/government/speeches/a-message-from-prime-minister-keir-starmer-to-the-civil-service,['keir-starmer'],Starmer,237,0.2800117647058823,0.0,0.0
PM's remarks at the NATO Summit press conference: 11 July 2024,2024-07-12 08:18:44,https://www.gov.uk/government/speeches/pms-remarks-at-the-nato-summit-press-conference-11-july-2024,['keir-starmer'],Starmer,1114,0.20004347826086954,0.10144927536231885,4.488330341113106
PM’s remarks at the opening plenary session of the European Political Community: 18 July 2024,2024-07-18 12:05:15,https://www.gov.uk/government/speeches/pms-remarks-at-the-opening-plenary-session-of-the-european-political-community-18-july-2024,['keir-starmer'],Starmer,1367,0.15082857142857142,0.19387755102040816,3.6576444769568397
PM’s press conference remarks at the European Political Community summit: 18 July 2024,2024-07-18 17:29:40,https://www.gov.uk/government/speeches/pms-press-conference-remarks-at-the-european-political-community-summit-18-july-2024,['keir-starmer'],Starmer,601,0.15347368421052635,0.18421052631578946,4.9916805324459235
PM's remarks at the Farnborough Airshow: 22 July 2024,2024-07-22 13:22:22,https://www.gov.uk/government/speeches/pms-remarks-at-the-farnborough-airshow-22-july-2024,['keir-starmer'],Starmer,1642,0.29014318181818183,0.011363636363636364,0.6090133982947625
Prime Minister Keir Starmer's statement in Downing Street: 1 August,2024-08-01 16:01:08,https://www.gov.uk/government/speeches/prime-minister-keir-starmers-statement-in-downing-street-1-august,['keir-starmer'],Starmer,670,-0.14730444444444446,0.4222222222222222,7.462686567164179
PM statement: 4 August 2024,2024-08-04 16:27:44,https://www.gov.uk/government/speeches/pm-statement-4-august-2024,['keir-starmer'],Starmer,277,-0.26328125,0.59375,10.830324909747292
Keir Starmer's speech on fixing the foundations of our country: 27 August 2024,2024-08-26 23:00:00,https://www.gov.uk/government/speeches/keir-starmers-speech-on-fixing-the-foundations-of-our-country-27-august-2024,['keir-starmer'],Starmer,2134,0.00040403587443947614,0.23318385650224216,6.091846298031865
Prime Minister's conference speech in Berlin: 28 August 2024,2024-08-28 11:19:35,https://www.gov.uk/government/speeches/prime-ministers-conference-speech-in-berlin-28-august-2024,['keir-starmer'],Starmer,840,0.26349375,0.16666666666666666,3.5714285714285716
PM speech on the NHS: 12 September 2024,2024-09-12 12:48:58,https://www.gov.uk/government/speeches/pm-speech-on-the-nhs-12-september-2024,['keir-starmer'],Starmer,2528,0.08104840182648403,0.1461187214611872,2.3734177215189876
PM speech at the Holocaust Educational Trust: 16 September 2024,2024-09-15 23:00:00,https://www.gov.uk/government/speeches/pm-speech-at-the-holocaust-educational-trust-16-september-2024,['keir-starmer'],Starmer,1523,0.09694814814814817,0.14814814814814814,0.0
Prime Minister's remarks in Rome: 16 September 2024,2024-09-16 14:58:24,https://www.gov.uk/government/speeches/prime-ministers-remarks-in-rome-16-september-2024,['keir-starmer'],Starmer,822,0.31235957446808504,0.0851063829787234,1.2165450121654502
PM International Investment Summit Speech: 14 October 2024,2024-10-14 10:39:17,https://www.gov.uk/government/speeches/pm-international-investment-summit-speech-14-october-2024,['keir-starmer'],Starmer,2358,0.2892521126760563,0.1056338028169014,0.42408821034775235
PM speech in Berlin: 18 October 2024,2024-10-18 16:09:30,https://www.gov.uk/government/speeches/pm-speech-in-berlin-18-october-2024,['keir-starmer'],Starmer,503,0.024749999999999987,0.2,3.9761431411530817
PM speech in Birmingham: 28 October 2024,2024-10-28 13:41:01,https://www.gov.uk/government/speeches/pm-speech-in-birmingham-28-october-2024,['keir-starmer'],Starmer,2724,0.07778423645320197,0.1477832512315271,5.139500734214391
PM speech to the INTERPOL General Assembly: 4 November 2024,2024-11-04 13:37:40,https://www.gov.uk/government/speeches/pm-speech-to-the-interpol-general-assembly-4-november-2024,['keir-starmer'],Starmer,2028,-0.012201470588235293,0.3161764705882353,4.930966469428008
PM remarks at COP29: 12 November 2024,2024-11-12 12:17:36,https://www.gov.uk/government/speeches/pm-remarks-at-cop29-12-november-2024,['keir-starmer'],Starmer,954,0.2694868852459016,0.08196721311475409,2.0964360587002098
Prime Minister’s National Statement at COP29: 12 November 2024,2024-11-12 17:14:59,https://www.gov.uk/government/speeches/prime-ministers-national-statement-at-cop29-12-november-2024,['keir-starmer'],Starmer,381,0.3938944444444445,0.0,2.6246719160104988
PM remarks at the launch of the Global Alliance against Hunger and Poverty: 18 November 2024,2024-11-18 15:30:11,https://www.gov.uk/government/speeches/pm-remarks-at-the-launch-of-the-global-alliance-against-hunger-and-poverty-18-november-2024,['keir-starmer'],Starmer,554,0.21339512195121957,0.17073170731707318,3.6101083032490973
PM remarks at UK-Overseas Territories Joint Ministerial Council: 21 November 2024,2024-11-21 19:35:34,https://www.gov.uk/government/speeches/pm-remarks-at-uk-overseas-territories-joint-ministerial-council-21-november-2024,['keir-starmer'],Starmer,1359,0.27180535714285714,0.125,0.0
PM speech on migration: 28 November 2024,2024-11-28 17:10:29,https://www.gov.uk/government/speeches/pm-speech-on-migration-28-november-2024,['keir-starmer'],Starmer,656,0.05314047619047619,0.16666666666666666,6.097560975609756
PM speech at Lord Mayor's Banquet: 2 December 2024,2024-12-03 00:13:21,https://www.gov.uk/government/speeches/pm-speech-at-lord-mayors-banquet-2-december-2024,['keir-starmer'],Starmer,2695,0.2061241935483871,0.11290322580645161,2.226345083487941
PM speech on Plan for Change: 5 December 2024,2024-12-05 12:32:11,https://www.gov.uk/government/speeches/pm-speech-on-plan-for-change-5-december-2024,['keir-starmer'],Starmer,3057,0.111703125,0.15104166666666666,3.271180896303566
"PM's address to British troops in RAF Akrotiri, Cyprus: 10 December 2024",2024-12-10 13:16:13,https://www.gov.uk/government/speeches/pms-address-to-british-troops-in-raf-akrotiri-cyprus-10-december-2024,['keir-starmer'],Starmer,1022,0.32546785714285714,0.03571428571428571,0.0
Prime Minister's remarks on the NHS: 6 January 2025,2025-01-06 12:04:02,https://www.gov.uk/government/speeches/prime-ministers-remarks-on-the-nhs-6-january-2025,['keir-starmer'],Starmer,1899,0.12972530864197532,0.12962962962962962,1.5797788309636651
PM speech on AI Opportunities Action Plan: 13 January 2025,2025-01-13 13:32:50,https://www.gov.uk/government/speeches/pm-speech-on-ai-opportunities-action-plan-13-january-2025,['keir-starmer'],Starmer,2131,0.1920251851851852,0.06666666666666667,0.4692632566870014
Prime Minister's remarks at joint press conference in Poland: 17 January 2025,2025-01-17 19:00:33,https://www.gov.uk/government/speeches/prime-ministers-remarks-at-joint-press-conference-in-poland-17-january-2025,['keir-starmer'],Starmer,804,0.21895192307692304,0.1346153846153846,2.487562189054726
PM speech at Holocaust Memorial Day UK National Ceremony: 27 January 2025,2025-01-27 18:00:01,https://www.gov.uk/government/speeches/pm-speech-at-holocaust-memorial-day-uk-national-ceremony-27-january-2025,['keir-starmer'],Starmer,430,-0.10465600000000003,0.48,0.0
Prime Minister's remarks in Brussels: 3 February 2025,2025-02-03 17:12:32,https://www.gov.uk/government/speeches/prime-ministers-remarks-in-brussels-3-february-2025,['keir-starmer'],Starmer,534,0.08911842105263158,0.2631578947368421,5.617977528089888
PM remarks at a meeting convened by President Zelenskyy to mark three years since the full-scale invasion of Ukraine: 24 February 2025,2025-02-24 00:00:00,https://www.gov.uk/government/speeches/pm-remarks-at-a-meeting-convened-by-president-zelenskyy-to-mark-three-years-since-the-full-scale-invasion-of-ukraine-24-february-2025,['keir-starmer'],Starmer,686,0.26221081081081077,0.08108108108108109,1.4577259475218658
Prime Minister’s Ukraine reception remarks: 24 February 2025,2025-02-25 11:33:24,https://www.gov.uk/government/speeches/prime-ministers-ukraine-reception-remarks-24-february-2025,['keir-starmer'],Starmer,1507,0.22018070175438598,0.15789473684210525,1.3271400132714002
PM statement on defence spending: 25 February 2025,2025-02-25 17:47:56,https://www.gov.uk/government/speeches/pm-statement-on-defence-spending-25-february-2025,['keir-starmer'],Starmer,878,0.1781793650793651,0.12698412698412698,4.555808656036446
Prime Minister's remarks at the White House Press Conference: Thursday 27 February,2025-02-27 00:00:00,https://www.gov.uk/government/speeches/prime-ministers-remarks-at-the-white-house-press-conference-thursday-27-february,['keir-starmer'],Starmer,968,0.2565938461538462,0.09230769230769231,2.0661157024793386
PM remarks at international leaders' summit press conference: 2 March 2025,2025-03-02 00:00:00,https://www.gov.uk/government/speeches/pm-remarks-at-international-leaders-summit-press-conference-2-march-2025,['keir-starmer'],Starmer,625,0.3747184210526316,0.07894736842105263,0.0
Prime Minister's remarks at UK-Ireland Summit: 5 March 2025,2025-03-05 21:01:05,https://www.gov.uk/government/speeches/prime-ministers-remarks-at-uk-ireland-summit-5-march-2025,['keir-starmer'],Starmer,580,0.44301562499999997,0.0,0.0
Prime Minister’s remarks from the plenary session at the first UK-Ireland Summit: 6 March 2025,2025-03-06 13:09:24,https://www.gov.uk/government/speeches/prime-ministers-remarks-from-the-plenary-session-at-the-first-uk-ireland-summit-6-march-2025,['keir-starmer'],Starmer,695,0.4322951219512195,0.04878048780487805,1.4388489208633093
PM remarks on the fundamental reform of the British state: 13 March 2025,2025-03-13 13:43:52,https://www.gov.uk/government/speeches/pm-remarks-on-the-fundamental-reform-of-the-british-state-13-march-2025,['keir-starmer'],Starmer,2365,0.12833851851851852,0.14074074074074075,1.6913319238900635
PM speech at the Dreadnought keel laying ceremony: 20 March 2025,2025-03-20 00:00:00,https://www.gov.uk/government/speeches/pm-speech-at-the-dreadnought-keel-laying-ceremony-20-march-2025,['keir-starmer'],Starmer,1010,0.2553109375,0.078125,0.0
PM remarks to Permanent Joint Headquarters and military planners at Northwood: 20 March 2025,2025-03-20 19:23:01,https://www.gov.uk/government/speeches/pm-remarks-to-permanent-joint-headquarters-and-military-planners-at-northwood-20-march-2025,['keir-starmer'],Starmer,891,0.3790444444444444,0.0,0.0
PM remarks at St Patrick's Day reception: 19 March 2025,2025-03-21 14:36:26,https://www.gov.uk/government/speeches/pm-remarks-at-st-patricks-day-reception-19-march-2025,['keir-starmer'],Starmer,1432,0.3480065217391304,0.0,0.0
PM remarks following the Coalition of the Willing meeting in Paris: 27 March 2025,2025-03-27 00:00:00,https://www.gov.uk/government/speeches/pm-remarks-following-the-coalition-of-the-willing-meeting-in-paris-27-march-2025,['keir-starmer'],Starmer,489,0.2225027027027027,0.10810810810810811,2.044989775051125
PM remarks at the Organised Immigration Summit in central London: 31 March 2025,2025-03-30 23:00:00,https://www.gov.uk/government/speeches/pm-remarks-at-the-organised-immigration-summit-in-central-london-31-march-2025,['keir-starmer'],Starmer,2060,-0.04904509803921569,0.30718954248366015,0.970873786407767
Prime Minister's remarks to UK business leaders in Downing Street: 3 April 2025,2025-04-02 23:00:00,https://www.gov.uk/government/speeches/prime-ministers-remarks-to-uk-business-leaders-in-downing-street-3-april-2025,['keir-starmer'],Starmer,467,0.2696868421052631,0.0,0.0
PM remarks at Jaguar Land Rover: 7 April 2025,2025-04-07 15:03:26,https://www.gov.uk/government/speeches/pm-remarks-at-jaguar-land-rover-7-april-2025,['keir-starmer'],Starmer,1865,0.23334113475177304,0.07092198581560284,1.6085790884718498
PM statement on British Steel: 11 April 2025,2025-04-11 16:23:08,https://www.gov.uk/government/speeches/pm-statement-on-british-steel-11-april-2025,['keir-starmer'],Starmer,258,0.08906399999999998,0.08,0.0
PM remarks at St George's Day reception: 22 April 2025,2025-04-23 07:46:50,https://www.gov.uk/government/speeches/pm-remarks-at-st-georges-day-reception-22-april-2025,['keir-starmer'],Starmer,1451,0.35984576271186436,0.06779661016949153,2.067539627842867
PM remarks at the IEA Future of Energy Security summit: 24 April 2025,2025-04-24 15:39:14,https://www.gov.uk/government/speeches/pm-remarks-at-the-iea-future-of-energy-security-summit-24-april-2025,['keir-starmer'],Starmer,1701,0.293297247706422,0.10091743119266056,0.5878894767783657
Prime Minister's statement on the death of Her Majesty Queen Elizabeth II,2025-04-28 13:31:39,https://www.gov.uk/government/speeches/prime-ministers-statement-on-the-death-of-her-majesty-queen-elizabeth-ii,['elizabeth-truss'],other,434,0.23498888888888889,0.18518518518518517,0.0
PM remarks on the UK's landmark economic deal with the US: Thursday 8 May,2025-05-08 16:58:38,https://www.gov.uk/government/speeches/pm-remarks-on-the-uks-landmark-economic-deal-with-the-us-thursday-8-may,['keir-starmer'],Starmer,992,0.3018076923076923,0.038461538461538464,0.0
Prime Minister’s remarks at the London Defence Conference: 8 May 2025,2025-05-09 17:17:58,https://www.gov.uk/government/speeches/prime-ministers-remarks-at-the-london-defence-conference-8-may-2025,['keir-starmer'],Starmer,1932,0.24598392857142856,0.0625,2.070393374741201
PM remarks at Immigration White Paper press conference: 12 May 2025,2025-05-12 09:06:32,https://www.gov.uk/government/speeches/pm-remarks-at-immigration-white-paper-press-conference-12-may-2025,['keir-starmer'],Starmer,1137,0.14436363636363633,0.10606060606060606,3.5180299032541775
PM's remarks at press conference with EU leaders : 19 May 2025,2025-05-19 14:08:28,https://www.gov.uk/government/speeches/pms-remarks-at-press-conference-with-eu-leaders-19-may-2025,['keir-starmer'],Starmer,855,0.25387843137254906,0.0784313725490196,2.3391812865497075
PM remarks at business reception: 19 May 2025,2025-05-19 18:43:04,https://www.gov.uk/government/speeches/pm-remarks-at-business-reception-19-may-2025,['keir-starmer'],Starmer,861,0.27003125,0.0625,0.0
PM's remarks at press conference on Diego Garcia: 22 May 2025,2025-05-22 16:21:22,https://www.gov.uk/government/speeches/pms-remarks-at-press-conference-on-diego-garcia-22-may-2025,['keir-starmer'],Starmer,788,0.10094583333333335,0.2708333333333333,7.614213197969543
PM's remarks on the Strategic Defence Review: 2 June 2025,2025-06-01 23:00:00,https://www.gov.uk/government/speeches/pms-remarks-on-the-strategic-defence-review-2-june-2025,['keir-starmer'],Starmer,1566,0.25164507042253526,0.09859154929577464,5.108556832694764
PM remarks at the Show Racism the Red Card reception: 2 June 2025,2025-06-03 08:31:24,https://www.gov.uk/government/speeches/pm-remarks-at-the-show-racism-the-red-card-reception-2-june-2025,['keir-starmer'],Starmer,1676,0.25237763157894744,0.11842105263157894,0.0
Prime Minister’s remarks at a roundtable with Lewis Hamilton: 4 June 2025,2025-06-03 23:00:00,https://www.gov.uk/government/speeches/prime-ministers-remarks-at-a-roundtable-with-lewis-hamilton-4-june-2025,['keir-starmer'],Starmer,1087,0.20498387096774195,0.14516129032258066,0.0
Prime Minister’s remarks at London Tech Week 2025: Monday 9 June,2025-06-09 11:00:38,https://www.gov.uk/government/speeches/prime-ministers-remarks-at-london-tech-week-2025-monday-9-june,['keir-starmer'],Starmer,2519,0.21296202531645575,0.06962025316455696,0.39698292973402144
"PM's remarks in Downing Street meeting with the families of Bebe King, Elsie Dot Stancombe, and Alice Aguiar: 10 June 2025",2025-06-10 19:24:32,https://www.gov.uk/government/speeches/pms-remarks-in-downing-street-meeting-with-the-families-of-bebe-king-elsie-dot-stancombe-and-alice-aguiar-10-june-2025,['keir-starmer'],Starmer,342,0.47386,0.0,0.0
PM remarks to the British Chambers of Commerce: 26 June 2025,2025-06-26 15:51:12,https://www.gov.uk/government/speeches/pm-remarks-to-the-british-chambers-of-commerce-26-june-2025,['keir-starmer'],Starmer,2484,0.2502313432835821,0.04477611940298507,0.8051529790660226
PM speech at the launch of the 10 Year Health Plan: 3 July 2025,2025-07-03 11:39:54,https://www.gov.uk/government/speeches/pm-speech-at-the-launch-of-the-10-year-health-plan-3-july-2025,['keir-starmer'],Starmer,2251,0.17014184782608696,0.05434782608695652,0.44424700133274103
PM remarks at the British Museum: 9 July 2025,2025-07-09 16:16:51,https://www.gov.uk/government/speeches/pm-remarks-at-the-british-museum-9-july-2025,['keir-starmer'],Starmer,993,0.709325,0.0,2.014098690835851
Prime Minister’s remarks at the UK-France Summit press conference: 10 July 2025,2025-07-10 16:29:37,https://www.gov.uk/government/speeches/prime-ministers-remarks-at-the-uk-france-summit-press-conference-10-july-2025,['keir-starmer'],Starmer,1065,0.15835735294117645,0.14705882352941177,8.450704225352112
PM speech at the Civil Society Summit: 17 July 2025,2025-07-17 13:06:43,https://www.gov.uk/government/speeches/pm-speech-at-the-civil-society-summit-17-july-2025,['keir-starmer'],Starmer,1221,0.21970000000000003,0.06493506493506493,2.457002457002457
PM remarks at press conference with Chancellor Merz: 17 July 2025,2025-07-17 15:12:46,https://www.gov.uk/government/speeches/pm-remarks-at-press-conference-with-chancellor-merz-17-july-2025,['keir-starmer'],Starmer,691,0.30997209302325585,0.13953488372093023,1.447178002894356
PM words on Gaza: 29 July 2025,2025-07-29 16:31:29,https://www.gov.uk/government/speeches/pm-words-on-gaza-29-july-2025,['keir-starmer'],Starmer,453,-0.022589655172413795,0.3448275862068966,6.622516556291391
PM remarks at VJ Day 80 reception: 14 August 2025,2025-08-15 08:54:17,https://www.gov.uk/government/speeches/pm-remarks-at-vj-day-80-reception-14-august-2025,['keir-starmer'],Starmer,989,0.2923978723404255,0.14893617021276595,1.0111223458038423
PM's remarks at the State Visit business event: 18 September 2025,2025-09-18 13:12:14,https://www.gov.uk/government/speeches/pms-remarks-at-the-state-visit-business-event-18-september-2025,['keir-starmer'],Starmer,999,0.4138625,0.015625,0.0
PM's remarks at State Visit press conference: 18 September 2025,2025-09-18 15:17:20,https://www.gov.uk/government/speeches/pms-remarks-at-state-visit-press-conference-18-september-2025,['keir-starmer'],Starmer,729,0.3925634146341463,0.0975609756097561,1.3717421124828533
PM statement on the recognition of Palestine: 21 September 2025,2025-09-20 23:00:00,https://www.gov.uk/government/speeches/pm-statement-on-the-recognition-of-palestine-21-september-2025,['keir-starmer'],Starmer,681,-0.05746304347826085,0.3695652173913043,5.873715124816447
PM statement following terrorist attack in Manchester: 2 October 2025,2025-10-03 08:31:24,https://www.gov.uk/government/speeches/pm-statement-following-terrorist-attack-in-manchester-2-october-2025,['keir-starmer'],Starmer,387,-0.02960000000000001,0.38095238095238093,12.919896640826874
PM press conference – UK trade mission to India: 9 October 2025,2025-10-08 23:00:00,https://www.gov.uk/government/speeches/pm-words-ahead-of-india-press-conference-9-october-2025,['keir-starmer'],Starmer,642,0.41301249999999995,0.0,0.0
PM press statement from Mumbai: 9 October 2025,2025-10-09 09:34:01,https://www.gov.uk/government/speeches/pm-press-statement-from-mumbai-9-october-2025,['keir-starmer'],Starmer,1161,0.47752307692307694,0.05128205128205128,0.0
PM's remarks at the Coalition of the Willing press conference: 24 October 2025,2025-10-24 16:46:41,https://www.gov.uk/government/speeches/pms-remarks-at-the-coalition-of-the-willing-press-conference-24-october-2025,['keir-starmer'],Starmer,734,0.061967924528301896,0.22641509433962265,2.7247956403269753
Prime Minister's speech at the United Nations COP30 summit: 6 November 2025,2025-11-06 17:02:23,https://www.gov.uk/government/speeches/prime-ministers-speech-at-the-united-nations-cop30-summit-6-november-2025,['keir-starmer'],Starmer,872,0.30114909090909087,0.09090909090909091,4.587155963302752
PM remarks on the Coalition of the Willing Call: 25 November 2025,2025-11-25 00:00:00,https://www.gov.uk/government/speeches/pm-remarks-on-the-coalition-of-the-willing-call-25-november-2025,['keir-starmer'],Starmer,1169,0.3203352941176471,0.08823529411764706,1.7108639863130881
Prime Minister's speech on Britain built for all: 1 December 2025,2025-12-01 13:43:31,https://www.gov.uk/government/speeches/prime-ministers-speech-on-britain-built-for-all-1-december-2025,['keir-starmer'],Starmer,2337,0.06802928571428572,0.2,2.995293110825845
PM speech at Lady Mayor's Banquet: 1 December 2025,2025-12-02 10:05:02,https://www.gov.uk/government/speeches/pm-speech-at-lady-mayors-banquet-1-december-2025,['keir-starmer'],Starmer,2609,0.18752592592592593,0.13580246913580246,2.6830203142966655
PM remarks after Coalition of the Willing meeting: 6 January 2026,2026-01-06 00:00:00,https://www.gov.uk/government/speeches/pm-remarks-after-coalition-of-the-willing-meeting-6-january-2026,['keir-starmer'],Starmer,503,0.2884206896551724,0.06896551724137931,3.9761431411530817
PM statement on international affairs and cost of living issues: 19 January 2026,2026-01-19 00:00:00,https://www.gov.uk/government/speeches/pm-remarks-on-greenland-19-january-2026,['keir-starmer'],Starmer,1254,0.25773703703703704,0.09876543209876543,1.594896331738437
PM remarks in Hastings: 5 February,2026-02-05 13:57:21,https://www.gov.uk/government/speeches/pm-remarks-in-hastings-5-february,['keir-starmer'],Starmer,2891,0.0789,0.15346534653465346,2.767208578346593
PM remarks in Welwyn Garden City: 10 February,2026-02-10 17:43:37,https://www.gov.uk/government/speeches/pm-remarks-in-welwyn-garden-city-10-february,['keir-starmer'],Starmer,559,0.09480571428571428,0.14285714285714285,0.0
PM speech during the Munich Security Conference: 14 February,2026-02-14 12:37:00,https://www.gov.uk/government/speeches/pm-speech-during-the-munich-security-conference-14-february,['keir-starmer'],Starmer,2189,0.16338902439024391,0.13414634146341464,5.025125628140704
PM words marking the fourth anniversary of the Ukraine war: 24 February 2026,2026-02-24 12:26:00,https://www.gov.uk/government/speeches/pm-words-marking-the-fourth-anniversary-of-the-ukraine-war-24-february-2026,['keir-starmer'],Starmer,844,-0.04402830188679245,0.3018867924528302,1.1848341232227488
PM statement on Iran: 28 February 2026,2026-02-28 15:06:10,https://www.gov.uk/government/speeches/pm-statement-on-iran-28-february-2026,['keir-starmer'],Starmer,405,0.05630000000000001,0.2608695652173913,7.407407407407407
PM statement on Iran: 1 March 2026,2026-03-01 21:29:00,https://www.gov.uk/government/speeches/pm-statement-on-iran-1-march-2026,['keir-starmer'],Starmer,687,0.03681842105263157,0.18421052631578946,13.100436681222707
PM remarks on the situation in the Middle East: 5 March 2026,2026-03-05 15:35:00,https://www.gov.uk/government/speeches/pm-remarks-on-the-situation-in-the-middle-east-5-march-2026,['keir-starmer'],Starmer,1250,0.18964999999999999,0.1323529411764706,4.0
PM remarks: 16 March 2026,2026-03-16 12:52:00,https://www.gov.uk/government/speeches/pm-remarks-16-march-2026,['keir-starmer'],Starmer,1629,0.05266947368421052,0.2631578947368421,6.752608962553714
PM remarks: 1 April 2026,2026-04-01 10:02:00,https://www.gov.uk/government/speeches/pm-remarks-1-april-2026,['keir-starmer'],Starmer,1333,0.16472916666666665,0.18055555555555555,5.251312828207052
PM speech at USDAW conference: 27 April 2026,2026-04-27 13:04:57,https://www.gov.uk/government/speeches/pm-speech-at-usdaw-conference-27-april-2026,['keir-starmer'],Starmer,2661,0.07515600000000001,0.24666666666666667,2.254791431792559
PM remarks from criminal justice roundtable: 30 April 2026,2026-04-30 11:26:44,https://www.gov.uk/government/speeches/pm-remarks-from-criminal-justice-roundtable-30-april-2026,['keir-starmer'],Starmer,628,-0.010684210526315787,0.2631578947368421,17.515923566878982
PM remarks from Downing Street on Golders Green attack: 30 April 2026,2026-04-30 15:42:54,https://www.gov.uk/government/speeches/pm-remarks-from-downing-street-on-golders-green-attack-30-april-2026,['keir-starmer'],Starmer,697,-0.13444705882352942,0.4117647058823529,12.91248206599713
Prime Minister’s remarks at No10 Tackling Antisemitism Forum: 5 May 2026,2026-05-05 14:10:43,https://www.gov.uk/government/speeches/prime-ministers-remarks-at-no10-tackling-antisemitism-forum-5-may-2026,['keir-starmer'],Starmer,1355,-0.018146236559139786,0.22580645161290322,8.118081180811808
Prime Minister’s speech at London Tech Week 2026,2026-06-08 10:04:39,https://www.gov.uk/government/speeches/prime-ministers-speech-at-london-tech-week-2026,['keir-starmer'],Starmer,2368,0.1958713414634146,0.07317073170731707,0.4222972972972973
PM remarks from Downing Street on social media: 15 June 2026,2026-06-15 09:48:39,https://www.gov.uk/government/speeches/pm-remarks-from-downing-street-on-social-media-15-june-2026,['keir-starmer'],Starmer,1473,0.19149375000000002,0.2125,0.6788866259334692
PM remarks: 5 June 2026,2026-06-15 10:04:08,https://www.gov.uk/government/speeches/pm-remarks-5-june-2026,['keir-starmer'],Starmer,1993,0.14509886363636362,0.18181818181818182,5.017561465127947
PM remarks: 24 June 2026,2026-06-24 17:46:30,https://www.gov.uk/government/speeches/pm-remarks-24-june-2026,['keir-starmer'],Starmer,517,0.2622315789473684,0.21052631578947367,5.802707930367505
PM remarks to hospitality leaders: 29 June 2026,2026-06-29 10:36:24,https://www.gov.uk/government/speeches/pm-remarks-to-hospitality-leaders-29-june-2026,['keir-starmer'],Starmer,968,0.29700857142857146,0.05714285714285714,0.0
PM speech announcing the Defence Investment Plan: 30 June 2026,2026-06-30 11:52:00,https://www.gov.uk/government/speeches/pm-speech-announcing-the-defence-investment-plan-30-june-2026,['keir-starmer'],Starmer,3146,0.16636339869281047,0.20261437908496732,5.08582326764145
PM's remarks at Kyiv press conference: 16 July 2026,2026-07-16 14:38:56,https://www.gov.uk/government/speeches/pms-remarks-at-kyiv-press-conference-16-july-2026,['keir-starmer'],Starmer,1599,0.13377142857142857,0.21978021978021978,0.6253908692933083
Keir Starmer's final speech as Prime Minister: 20 July 2026,2026-07-20 10:51:00,https://www.gov.uk/government/speeches/keir-starmers-final-speech-as-prime-minister-20-july-2026,['keir-starmer'],Starmer,491,0.3451814814814815,0.1111111111111111,8.146639511201629
Andy Burnham's first speech as Prime Minister: 20 July 2026,2026-07-20 13:21:34,https://www.gov.uk/government/speeches/andy-burnhams-first-speech-as-prime-minister-20-july-2026,['andy-burnham'],Burnham,559,0.22266111111111112,0.027777777777777776,3.5778175313059033
Prime Minister’s opening remarks to staff following his arrival at No 10 North: 24 July 2026,2026-07-24 11:04:00,https://www.gov.uk/government/speeches/prime-ministers-opening-remarks-to-staff-following-his-arrival-at-no-10-north-24-july-2026,['andy-burnham'],Burnham,1353,0.2319328767123288,0.0547945205479452,0.0
Prime Minister's speech on social care - 29 July 2026,2026-07-29 13:38:06,https://www.gov.uk/government/speeches/prime-ministers-speech-on-social-care-29-july-2026,['andy-burnham'],Burnham,3385,0.1900299065420561,0.11214953271028037,0.5908419497784343
PM speech at UNGA: 22 September 2026,2026-09-23 06:03:00,https://www.gov.uk/government/speeches/pm-speech-at-unga-22-september-2026,['andy-burnham'],Burnham,2985,0.06051776649746193,0.25380710659898476,8.375209380234505
