metric,contraction_timing,variant,mean_expansion,mean_contraction,diff,p_perm,n_exp,n_con,spearman_vs_gdp_mom
neg_share,same month,raw,0.15942494055114195,0.16070441492050713,0.00127947436936518,0.95395,25,9,0.17050999615573512
neg_share,same month,leader-demeaned,-0.0012345074619415635,-0.004088509138358783,-0.00285400167641722,0.88855,25,9,0.10754538841089492
neg_share,prior month,raw,0.16487683252494198,0.14556027054884046,-0.019316561976101515,0.39355,25,9,0.17050999615573512
neg_share,prior month,leader-demeaned,0.0017235482140402463,-0.012305330460530482,-0.014028878674570727,0.49125,25,9,0.10754538841089492
mean_compound,same month,raw,0.16830442207426607,0.1776300222826125,0.009325600208346413,0.77895,25,9,-0.24465809870683652
mean_compound,same month,leader-demeaned,-0.0012937072671462436,0.01124869994317789,0.012542407210324135,0.6899,25,9,-0.23929614914219074
mean_compound,prior month,raw,0.1633130877324784,0.1914948398986893,0.028181752166210883,0.3829,25,9,-0.24465809870683652
mean_compound,prior month,leader-demeaned,-0.003937279347304504,0.018591955721395277,0.02252923506869978,0.473,25,9,-0.23929614914219074
framing_per_1k,same month,raw,3.313711605402917,2.3903154450859265,-0.9233961603169907,0.20675,25,9,0.3791664334999501
framing_per_1k,same month,leader-demeaned,0.1334645453683641,-0.7683377820164372,-0.9018023273848013,0.23205,25,9,0.39678426778378617
framing_per_1k,prior month,raw,3.061389893270129,3.0912090898992264,0.029819196629097267,0.97005,25,9,0.3791664334999501
framing_per_1k,prior month,leader-demeaned,-0.14082284528219544,-0.006428363542660718,0.13439448173953472,0.8582,25,9,0.39678426778378617
